{
    "name": "cypress-snypr",
    "version": "1.0.0",
    "main": "index.js",
    "scripts": {
        "paylocityCRUDOperations": " cypress run --headless --browser firefox --spec \"cypress/e2e/*\""    
    },
    "author": "",
    "license": "ISC",
    "devDependencies": {
      "cypress": "^10.10.0",
      "cypress-file-upload": "^5.0.8"
      
    },
   
    "eslintConfig": {
      "extends": [
        "plugin:cypress/recommended"
      ]
    },
    "keywords": [],
    "description": "This README would normally document whatever steps are necessary to get your application up and running.",
    "repository": {
      "type": "git",
      "url": "git+ssh://git@bitbucket.org/securonixsnypr/snypr-test-e2e.git"
    },
    "bugs": {
      "url": "https://bitbucket.org/securonixsnypr/snypr-test-e2e/issues"
    },
    "homepage": "https://bitbucket.org/securonixsnypr/snypr-test-integration/src/master/README.md"
  }